{
    "name": "Northcode Theme",
    "description": "Dark theme with blue and orange colors",
    "remoteSrc": "https:\/\/github.com\/Northcode\/northcode-theme.el",
    "localSrc": ".\/northcode-theme.el",
    "author": "Andreas Larsen @ northcode.no",
    "largeImgs": [
        ".\/prev-elisp.png",
        ".\/prev-rust.png",
        ".\/prev-python.png",
    ],
    "tags": [
        "dark",
        "emacs 25",
        "blue",
	"orange"
    ],
    "available": true,
    "smallImg": ".\/prev-small.png"
}
